monarch,504,1515,16080161555_c3000e2f09_o.jpg,2400,1600
monarch,514,1409,16080161555_c3000e2f09_o.jpg,2400,1600
monarch,434,1362,16080161555_c3000e2f09_o.jpg,2400,1600
monarch,437,1266,16080161555_c3000e2f09_o.jpg,2400,1600
monarch,587,1349,16080161555_c3000e2f09_o.jpg,2400,1600
monarch,791,1288,16080161555_c3000e2f09_o.jpg,2400,1600
monarch,731,1441,16080161555_c3000e2f09_o.jpg,2400,1600
monarch,734,1141,16080161555_c3000e2f09_o.jpg,2400,1600
monarch,712,1087,16080161555_c3000e2f09_o.jpg,2400,1600
monarch,830,1087,16080161555_c3000e2f09_o.jpg,2400,1600
monarch,884,1004,16080161555_c3000e2f09_o.jpg,2400,1600
monarch,840,895,16080161555_c3000e2f09_o.jpg,2400,1600
monarch,721,832,16080161555_c3000e2f09_o.jpg,2400,1600
monarch,728,714,16080161555_c3000e2f09_o.jpg,2400,1600
monarch,859,567,16080161555_c3000e2f09_o.jpg,2400,1600
monarch,800,512,16080161555_c3000e2f09_o.jpg,2400,1600
monarch,696,506,16080161555_c3000e2f09_o.jpg,2400,1600
monarch,594,449,16080161555_c3000e2f09_o.jpg,2400,1600
monarch,498,388,16080161555_c3000e2f09_o.jpg,2400,1600
monarch,207,487,16080161555_c3000e2f09_o.jpg,2400,1600
monarch,128,535,16080161555_c3000e2f09_o.jpg,2400,1600
monarch,243,691,16080161555_c3000e2f09_o.jpg,2400,1600
monarch,377,586,16080161555_c3000e2f09_o.jpg,2400,1600
monarch,511,557,16080161555_c3000e2f09_o.jpg,2400,1600
monarch,819,1061,16080161555_c3000e2f09_o.jpg,2400,1600
monarch,848,1109,16080161555_c3000e2f09_o.jpg,2400,1600
monarch,887,1060,16080161555_c3000e2f09_o.jpg,2400,1600
monarch,844,1008,16080161555_c3000e2f09_o.jpg,2400,1600
monarch,777,994,16080161555_c3000e2f09_o.jpg,2400,1600
monarch,973,973,16080161555_c3000e2f09_o.jpg,2400,1600
monarch,892,746,16080161555_c3000e2f09_o.jpg,2400,1600
monarch,947,771,16080161555_c3000e2f09_o.jpg,2400,1600
monarch,989,806,16080161555_c3000e2f09_o.jpg,2400,1600
monarch,1028,733,16080161555_c3000e2f09_o.jpg,2400,1600
monarch,598,1191,16080161555_c3000e2f09_o.jpg,2400,1600
monarch,663,1265,16080161555_c3000e2f09_o.jpg,2400,1600
monarch,559,1322,16080161555_c3000e2f09_o.jpg,2400,1600
monarch,406,1115,16080161555_c3000e2f09_o.jpg,2400,1600
monarch,402,1177,16080161555_c3000e2f09_o.jpg,2400,1600
monarch,401,1336,16080161555_c3000e2f09_o.jpg,2400,1600
monarch,704,1326,16080161555_c3000e2f09_o.jpg,2400,1600
monarch,573,980,16080161555_c3000e2f09_o.jpg,2400,1600
monarch,1059,585,16080161555_c3000e2f09_o.jpg,2400,1600
monarch,1046,471,16080161555_c3000e2f09_o.jpg,2400,1600
monarch,154,398,16080161555_c3000e2f09_o.jpg,2400,1600
monarch,227,324,16080161555_c3000e2f09_o.jpg,2400,1600
monarch,259,228,16080161555_c3000e2f09_o.jpg,2400,1600
monarch,454,375,16080161555_c3000e2f09_o.jpg,2400,1600
monarch,463,272,16080161555_c3000e2f09_o.jpg,2400,1600
monarch,644,272,16080161555_c3000e2f09_o.jpg,2400,1600
monarch,564,170,16080161555_c3000e2f09_o.jpg,2400,1600
monarch,635,152,16080161555_c3000e2f09_o.jpg,2400,1600
monarch,477,127,16080161555_c3000e2f09_o.jpg,2400,1600
monarch,495,46,16080161555_c3000e2f09_o.jpg,2400,1600
monarch,353,108,16080161555_c3000e2f09_o.jpg,2400,1600
monarch,388,219,16080161555_c3000e2f09_o.jpg,2400,1600
monarch,234,166,16080161555_c3000e2f09_o.jpg,2400,1600
monarch,881,352,16080161555_c3000e2f09_o.jpg,2400,1600
monarch,830,100,16080161555_c3000e2f09_o.jpg,2400,1600
monarch,755,141,16080161555_c3000e2f09_o.jpg,2400,1600
monarch,906,33,16080161555_c3000e2f09_o.jpg,2400,1600
monarch,984,370,16080161555_c3000e2f09_o.jpg,2400,1600
monarch,1128,556,16080161555_c3000e2f09_o.jpg,2400,1600
monarch,1264,648,16080161555_c3000e2f09_o.jpg,2400,1600
monarch,1372,558,16080161555_c3000e2f09_o.jpg,2400,1600
monarch,1232,386,16080161555_c3000e2f09_o.jpg,2400,1600
monarch,1314,317,16080161555_c3000e2f09_o.jpg,2400,1600
monarch,1176,285,16080161555_c3000e2f09_o.jpg,2400,1600
monarch,1255,212,16080161555_c3000e2f09_o.jpg,2400,1600
monarch,1128,196,16080161555_c3000e2f09_o.jpg,2400,1600
monarch,1154,99,16080161555_c3000e2f09_o.jpg,2400,1600
monarch,1149,7,16080161555_c3000e2f09_o.jpg,2400,1600
monarch,1319,53,16080161555_c3000e2f09_o.jpg,2400,1600
monarch,1404,88,16080161555_c3000e2f09_o.jpg,2400,1600
monarch,1553,131,16080161555_c3000e2f09_o.jpg,2400,1600
monarch,1369,189,16080161555_c3000e2f09_o.jpg,2400,1600
monarch,1436,264,16080161555_c3000e2f09_o.jpg,2400,1600
monarch,1567,313,16080161555_c3000e2f09_o.jpg,2400,1600
monarch,1647,262,16080161555_c3000e2f09_o.jpg,2400,1600
monarch,1520,467,16080161555_c3000e2f09_o.jpg,2400,1600
monarch,1397,416,16080161555_c3000e2f09_o.jpg,2400,1600
monarch,1576,554,16080161555_c3000e2f09_o.jpg,2400,1600
monarch,1645,592,16080161555_c3000e2f09_o.jpg,2400,1600
monarch,1730,599,16080161555_c3000e2f09_o.jpg,2400,1600
monarch,1601,725,16080161555_c3000e2f09_o.jpg,2400,1600
monarch,1679,776,16080161555_c3000e2f09_o.jpg,2400,1600
monarch,1560,879,16080161555_c3000e2f09_o.jpg,2400,1600
monarch,1491,804,16080161555_c3000e2f09_o.jpg,2400,1600
monarch,1637,930,16080161555_c3000e2f09_o.jpg,2400,1600
monarch,1436,932,16080161555_c3000e2f09_o.jpg,2400,1600
monarch,1314,826,16080161555_c3000e2f09_o.jpg,2400,1600
monarch,1223,826,16080161555_c3000e2f09_o.jpg,2400,1600
monarch,1188,698,16080161555_c3000e2f09_o.jpg,2400,1600
monarch,1337,969,16080161555_c3000e2f09_o.jpg,2400,1600
monarch,1284,920,16080161555_c3000e2f09_o.jpg,2400,1600
monarch,1482,1015,16080161555_c3000e2f09_o.jpg,2400,1600
monarch,1777,303,16080161555_c3000e2f09_o.jpg,2400,1600
monarch,1046,638,16080161555_c3000e2f09_o.jpg,2400,1600
monarch,587,597,16080161555_c3000e2f09_o.jpg,2400,1600
monarch,457,629,16080161555_c3000e2f09_o.jpg,2400,1600
monarch,633,1499,16080161555_c3000e2f09_o.jpg,2400,1600
monarch,454,953,16080161555_c3000e2f09_o.jpg,2400,1600
monarch,381,925,16080161555_c3000e2f09_o.jpg,2400,1600
monarch,376,797,16080161555_c3000e2f09_o.jpg,2400,1600
monarch,454,741,16080161555_c3000e2f09_o.jpg,2400,1600
monarch,995,228,16080161555_c3000e2f09_o.jpg,2400,1600
monarch,1822,769,16080161555_847e24dfe0_k.jpg,2048,1152
monarch,1819,644,16080161555_847e24dfe0_k.jpg,2048,1152
monarch,1915,494,16080161555_847e24dfe0_k.jpg,2048,1152
monarch,2029,699,16080161555_847e24dfe0_k.jpg,2048,1152
monarch,1906,810,16080161555_847e24dfe0_k.jpg,2048,1152
monarch,1814,53,16080161555_847e24dfe0_k.jpg,2048,1152
monarch,1765,162,16080161555_847e24dfe0_k.jpg,2048,1152
monarch,1528,39,16080161555_847e24dfe0_k.jpg,2048,1152
monarch,1413,29,16080161555_847e24dfe0_k.jpg,2048,1152
monarch,1340,48,16080161555_847e24dfe0_k.jpg,2048,1152
monarch,1231,10,16080161555_847e24dfe0_k.jpg,2048,1152
monarch,1258,91,16080161555_847e24dfe0_k.jpg,2048,1152
monarch,1206,132,16080161555_847e24dfe0_k.jpg,2048,1152
monarch,1293,176,16080161555_847e24dfe0_k.jpg,2048,1152
monarch,1357,262,16080161555_847e24dfe0_k.jpg,2048,1152
monarch,1418,293,16080161555_847e24dfe0_k.jpg,2048,1152
monarch,1446,315,16080161555_847e24dfe0_k.jpg,2048,1152
monarch,1478,297,16080161555_847e24dfe0_k.jpg,2048,1152
monarch,1393,156,16080161555_847e24dfe0_k.jpg,2048,1152
monarch,1131,236,16080161555_847e24dfe0_k.jpg,2048,1152
monarch,1066,325,16080161555_847e24dfe0_k.jpg,2048,1152
monarch,1032,249,16080161555_847e24dfe0_k.jpg,2048,1152
monarch,1065,118,16080161555_847e24dfe0_k.jpg,2048,1152
monarch,1124,51,16080161555_847e24dfe0_k.jpg,2048,1152
monarch,1127,131,16080161555_847e24dfe0_k.jpg,2048,1152
monarch,1021,32,16080161555_847e24dfe0_k.jpg,2048,1152
monarch,959,260,16080161555_847e24dfe0_k.jpg,2048,1152
monarch,1011,346,16080161555_847e24dfe0_k.jpg,2048,1152
monarch,1041,505,16080161555_847e24dfe0_k.jpg,2048,1152
monarch,1125,482,16080161555_847e24dfe0_k.jpg,2048,1152
monarch,1102,551,16080161555_847e24dfe0_k.jpg,2048,1152
monarch,1152,588,16080161555_847e24dfe0_k.jpg,2048,1152
monarch,1230,588,16080161555_847e24dfe0_k.jpg,2048,1152
monarch,1340,541,16080161555_847e24dfe0_k.jpg,2048,1152
monarch,1266,640,16080161555_847e24dfe0_k.jpg,2048,1152
monarch,1353,399,16080161555_847e24dfe0_k.jpg,2048,1152
monarch,1422,441,16080161555_847e24dfe0_k.jpg,2048,1152
monarch,1177,471,16080161555_847e24dfe0_k.jpg,2048,1152
monarch,1158,348,16080161555_847e24dfe0_k.jpg,2048,1152
monarch,1207,287,16080161555_847e24dfe0_k.jpg,2048,1152
monarch,886,211,16080161555_847e24dfe0_k.jpg,2048,1152
monarch,949,154,16080161555_847e24dfe0_k.jpg,2048,1152
monarch,834,118,16080161555_847e24dfe0_k.jpg,2048,1152
monarch,760,85,16080161555_847e24dfe0_k.jpg,2048,1152
monarch,687,249,16080161555_847e24dfe0_k.jpg,2048,1152
monarch,734,240,16080161555_847e24dfe0_k.jpg,2048,1152
monarch,808,214,16080161555_847e24dfe0_k.jpg,2048,1152
monarch,828,303,16080161555_847e24dfe0_k.jpg,2048,1152
monarch,727,315,16080161555_847e24dfe0_k.jpg,2048,1152
monarch,818,353,16080161555_847e24dfe0_k.jpg,2048,1152
monarch,763,408,16080161555_847e24dfe0_k.jpg,2048,1152
monarch,801,444,16080161555_847e24dfe0_k.jpg,2048,1152
monarch,867,416,16080161555_847e24dfe0_k.jpg,2048,1152
monarch,851,469,16080161555_847e24dfe0_k.jpg,2048,1152
monarch,732,537,16080161555_847e24dfe0_k.jpg,2048,1152
monarch,823,610,16080161555_847e24dfe0_k.jpg,2048,1152
monarch,820,550,16080161555_847e24dfe0_k.jpg,2048,1152
monarch,697,618,16080161555_847e24dfe0_k.jpg,2048,1152
monarch,724,650,16080161555_847e24dfe0_k.jpg,2048,1152
monarch,695,710,16080161555_847e24dfe0_k.jpg,2048,1152
monarch,616,694,16080161555_847e24dfe0_k.jpg,2048,1152
monarch,661,651,16080161555_847e24dfe0_k.jpg,2048,1152
monarch,599,590,16080161555_847e24dfe0_k.jpg,2048,1152
monarch,611,469,16080161555_847e24dfe0_k.jpg,2048,1152
monarch,582,187,16080161555_847e24dfe0_k.jpg,2048,1152
monarch,538,287,16080161555_847e24dfe0_k.jpg,2048,1152
monarch,497,174,16080161555_847e24dfe0_k.jpg,2048,1152
monarch,391,92,16080161555_847e24dfe0_k.jpg,2048,1152
monarch,548,28,16080161555_847e24dfe0_k.jpg,2048,1152
monarch,176,187,16080161555_847e24dfe0_k.jpg,2048,1152
monarch,188,74,16080161555_847e24dfe0_k.jpg,2048,1152
monarch,211,27,16080161555_847e24dfe0_k.jpg,2048,1152
monarch,267,110,16080161555_847e24dfe0_k.jpg,2048,1152
monarch,294,68,16080161555_847e24dfe0_k.jpg,2048,1152
monarch,361,21,16080161555_847e24dfe0_k.jpg,2048,1152
monarch,206,355,16080161555_847e24dfe0_k.jpg,2048,1152
monarch,323,290,16080161555_847e24dfe0_k.jpg,2048,1152
monarch,139,250,16080161555_847e24dfe0_k.jpg,2048,1152
monarch,209,464,16080161555_847e24dfe0_k.jpg,2048,1152
monarch,360,750,16080161555_847e24dfe0_k.jpg,2048,1152
monarch,398,842,16080161555_847e24dfe0_k.jpg,2048,1152
monarch,338,901,16080161555_847e24dfe0_k.jpg,2048,1152
monarch,434,980,16080161555_847e24dfe0_k.jpg,2048,1152
monarch,473,897,16080161555_847e24dfe0_k.jpg,2048,1152
monarch,624,1000,16080161555_847e24dfe0_k.jpg,2048,1152
monarch,689,905,16080161555_847e24dfe0_k.jpg,2048,1152
monarch,606,924,16080161555_847e24dfe0_k.jpg,2048,1152
monarch,575,871,16080161555_847e24dfe0_k.jpg,2048,1152
monarch,500,772,16080161555_847e24dfe0_k.jpg,2048,1152
monarch,436,1050,16080161555_847e24dfe0_k.jpg,2048,1152
monarch,387,597,16080161555_847e24dfe0_k.jpg,2048,1152
monarch,340,564,16080161555_847e24dfe0_k.jpg,2048,1152
monarch,330,467,16080161555_847e24dfe0_k.jpg,2048,1152
monarch,452,439,16080161555_847e24dfe0_k.jpg,2048,1152
monarch,378,419,16080161555_847e24dfe0_k.jpg,2048,1152
monarch,526,375,16080161555_847e24dfe0_k.jpg,2048,1152
monarch,615,355,16080161555_847e24dfe0_k.jpg,2048,1152
monarch,569,472,16080161555_847e24dfe0_k.jpg,2048,1152
monarch,892,276,16080161555_847e24dfe0_k.jpg,2048,1152
monarch,896,346,16080161555_847e24dfe0_k.jpg,2048,1152
monarch,767,24,16080161555_847e24dfe0_k.jpg,2048,1152
monarch,51,807,37244739-monarch-butterflies-from-canada-and-us-in-their-wintering-grounds-in-mexico.jpg,1300,975
monarch,178,770,37244739-monarch-butterflies-from-canada-and-us-in-their-wintering-grounds-in-mexico.jpg,1300,975
monarch,211,703,37244739-monarch-butterflies-from-canada-and-us-in-their-wintering-grounds-in-mexico.jpg,1300,975
monarch,275,654,37244739-monarch-butterflies-from-canada-and-us-in-their-wintering-grounds-in-mexico.jpg,1300,975
monarch,308,595,37244739-monarch-butterflies-from-canada-and-us-in-their-wintering-grounds-in-mexico.jpg,1300,975
monarch,402,441,37244739-monarch-butterflies-from-canada-and-us-in-their-wintering-grounds-in-mexico.jpg,1300,975
monarch,364,415,37244739-monarch-butterflies-from-canada-and-us-in-their-wintering-grounds-in-mexico.jpg,1300,975
monarch,426,337,37244739-monarch-butterflies-from-canada-and-us-in-their-wintering-grounds-in-mexico.jpg,1300,975
monarch,449,236,37244739-monarch-butterflies-from-canada-and-us-in-their-wintering-grounds-in-mexico.jpg,1300,975
monarch,653,363,37244739-monarch-butterflies-from-canada-and-us-in-their-wintering-grounds-in-mexico.jpg,1300,975
monarch,652,208,37244739-monarch-butterflies-from-canada-and-us-in-their-wintering-grounds-in-mexico.jpg,1300,975
monarch,575,163,37244739-monarch-butterflies-from-canada-and-us-in-their-wintering-grounds-in-mexico.jpg,1300,975
monarch,551,226,37244739-monarch-butterflies-from-canada-and-us-in-their-wintering-grounds-in-mexico.jpg,1300,975
monarch,548,293,37244739-monarch-butterflies-from-canada-and-us-in-their-wintering-grounds-in-mexico.jpg,1300,975
monarch,574,439,37244739-monarch-butterflies-from-canada-and-us-in-their-wintering-grounds-in-mexico.jpg,1300,975
monarch,645,453,37244739-monarch-butterflies-from-canada-and-us-in-their-wintering-grounds-in-mexico.jpg,1300,975
monarch,608,588,37244739-monarch-butterflies-from-canada-and-us-in-their-wintering-grounds-in-mexico.jpg,1300,975
monarch,631,706,37244739-monarch-butterflies-from-canada-and-us-in-their-wintering-grounds-in-mexico.jpg,1300,975
monarch,657,793,37244739-monarch-butterflies-from-canada-and-us-in-their-wintering-grounds-in-mexico.jpg,1300,975
monarch,508,942,37244739-monarch-butterflies-from-canada-and-us-in-their-wintering-grounds-in-mexico.jpg,1300,975
monarch,594,848,37244739-monarch-butterflies-from-canada-and-us-in-their-wintering-grounds-in-mexico.jpg,1300,975
monarch,568,741,37244739-monarch-butterflies-from-canada-and-us-in-their-wintering-grounds-in-mexico.jpg,1300,975
monarch,544,661,37244739-monarch-butterflies-from-canada-and-us-in-their-wintering-grounds-in-mexico.jpg,1300,975
monarch,440,713,37244739-monarch-butterflies-from-canada-and-us-in-their-wintering-grounds-in-mexico.jpg,1300,975
monarch,523,559,37244739-monarch-butterflies-from-canada-and-us-in-their-wintering-grounds-in-mexico.jpg,1300,975
monarch,430,529,37244739-monarch-butterflies-from-canada-and-us-in-their-wintering-grounds-in-mexico.jpg,1300,975
monarch,463,612,37244739-monarch-butterflies-from-canada-and-us-in-their-wintering-grounds-in-mexico.jpg,1300,975
monarch,379,543,37244739-monarch-butterflies-from-canada-and-us-in-their-wintering-grounds-in-mexico.jpg,1300,975
monarch,279,876,37244739-monarch-butterflies-from-canada-and-us-in-their-wintering-grounds-in-mexico.jpg,1300,975
monarch,176,923,37244739-monarch-butterflies-from-canada-and-us-in-their-wintering-grounds-in-mexico.jpg,1300,975
monarch,234,947,37244739-monarch-butterflies-from-canada-and-us-in-their-wintering-grounds-in-mexico.jpg,1300,975
monarch,313,784,37244739-monarch-butterflies-from-canada-and-us-in-their-wintering-grounds-in-mexico.jpg,1300,975
monarch,383,968,37244739-monarch-butterflies-from-canada-and-us-in-their-wintering-grounds-in-mexico.jpg,1300,975
monarch,383,904,37244739-monarch-butterflies-from-canada-and-us-in-their-wintering-grounds-in-mexico.jpg,1300,975
monarch,610,947,37244739-monarch-butterflies-from-canada-and-us-in-their-wintering-grounds-in-mexico.jpg,1300,975
monarch,404,763,37244739-monarch-butterflies-from-canada-and-us-in-their-wintering-grounds-in-mexico.jpg,1300,975
monarch,12,949,37244739-monarch-butterflies-from-canada-and-us-in-their-wintering-grounds-in-mexico.jpg,1300,975
monarch,692,571,37244739-monarch-butterflies-from-canada-and-us-in-their-wintering-grounds-in-mexico.jpg,1300,975
monarch,530,876,37244739-monarch-butterflies-from-canada-and-us-in-their-wintering-grounds-in-mexico.jpg,1300,975
monarch,397,947,37244739-monarch-butterflies-from-canada-and-us-in-their-wintering-grounds-in-mexico.jpg,1300,975
monarch,1106,564,37244739-monarch-butterflies-from-canada-and-us-in-their-wintering-grounds-in-mexico.jpg,1300,975
monarch,1122,375,37244739-monarch-butterflies-from-canada-and-us-in-their-wintering-grounds-in-mexico.jpg,1300,975
monarch,1052,488,37244739-monarch-butterflies-from-canada-and-us-in-their-wintering-grounds-in-mexico.jpg,1300,975
monarch,1125,503,37244739-monarch-butterflies-from-canada-and-us-in-their-wintering-grounds-in-mexico.jpg,1300,975
monarch,1082,258,37244739-monarch-butterflies-from-canada-and-us-in-their-wintering-grounds-in-mexico.jpg,1300,975
monarch,1136,160,37244739-monarch-butterflies-from-canada-and-us-in-their-wintering-grounds-in-mexico.jpg,1300,975
monarch,1091,33,37244739-monarch-butterflies-from-canada-and-us-in-their-wintering-grounds-in-mexico.jpg,1300,975
monarch,976,101,37244739-monarch-butterflies-from-canada-and-us-in-their-wintering-grounds-in-mexico.jpg,1300,975
monarch,947,40,37244739-monarch-butterflies-from-canada-and-us-in-their-wintering-grounds-in-mexico.jpg,1300,975
monarch,808,163,37244739-monarch-butterflies-from-canada-and-us-in-their-wintering-grounds-in-mexico.jpg,1300,975
monarch,785,227,37244739-monarch-butterflies-from-canada-and-us-in-their-wintering-grounds-in-mexico.jpg,1300,975
monarch,817,274,37244739-monarch-butterflies-from-canada-and-us-in-their-wintering-grounds-in-mexico.jpg,1300,975
monarch,921,427,37244739-monarch-butterflies-from-canada-and-us-in-their-wintering-grounds-in-mexico.jpg,1300,975
monarch,832,477,37244739-monarch-butterflies-from-canada-and-us-in-their-wintering-grounds-in-mexico.jpg,1300,975
monarch,827,409,37244739-monarch-butterflies-from-canada-and-us-in-their-wintering-grounds-in-mexico.jpg,1300,975
monarch,732,416,37244739-monarch-butterflies-from-canada-and-us-in-their-wintering-grounds-in-mexico.jpg,1300,975
monarch,773,555,37244739-monarch-butterflies-from-canada-and-us-in-their-wintering-grounds-in-mexico.jpg,1300,975
monarch,822,611,37244739-monarch-butterflies-from-canada-and-us-in-their-wintering-grounds-in-mexico.jpg,1300,975
monarch,768,673,37244739-monarch-butterflies-from-canada-and-us-in-their-wintering-grounds-in-mexico.jpg,1300,975
monarch,827,722,37244739-monarch-butterflies-from-canada-and-us-in-their-wintering-grounds-in-mexico.jpg,1300,975
monarch,827,866,37244739-monarch-butterflies-from-canada-and-us-in-their-wintering-grounds-in-mexico.jpg,1300,975
monarch,850,932,37244739-monarch-butterflies-from-canada-and-us-in-their-wintering-grounds-in-mexico.jpg,1300,975
monarch,1016,946,37244739-monarch-butterflies-from-canada-and-us-in-their-wintering-grounds-in-mexico.jpg,1300,975
monarch,973,900,37244739-monarch-butterflies-from-canada-and-us-in-their-wintering-grounds-in-mexico.jpg,1300,975
monarch,915,881,37244739-monarch-butterflies-from-canada-and-us-in-their-wintering-grounds-in-mexico.jpg,1300,975
monarch,980,824,37244739-monarch-butterflies-from-canada-and-us-in-their-wintering-grounds-in-mexico.jpg,1300,975
monarch,921,772,37244739-monarch-butterflies-from-canada-and-us-in-their-wintering-grounds-in-mexico.jpg,1300,975
monarch,962,736,37244739-monarch-butterflies-from-canada-and-us-in-their-wintering-grounds-in-mexico.jpg,1300,975
monarch,969,663,37244739-monarch-butterflies-from-canada-and-us-in-their-wintering-grounds-in-mexico.jpg,1300,975
monarch,919,616,37244739-monarch-butterflies-from-canada-and-us-in-their-wintering-grounds-in-mexico.jpg,1300,975
monarch,959,560,37244739-monarch-butterflies-from-canada-and-us-in-their-wintering-grounds-in-mexico.jpg,1300,975
monarch,1070,814,37244739-monarch-butterflies-from-canada-and-us-in-their-wintering-grounds-in-mexico.jpg,1300,975
monarch,1025,767,37244739-monarch-butterflies-from-canada-and-us-in-their-wintering-grounds-in-mexico.jpg,1300,975
monarch,1014,739,37244739-monarch-butterflies-from-canada-and-us-in-their-wintering-grounds-in-mexico.jpg,1300,975
monarch,1085,739,37244739-monarch-butterflies-from-canada-and-us-in-their-wintering-grounds-in-mexico.jpg,1300,975
monarch,1089,658,37244739-monarch-butterflies-from-canada-and-us-in-their-wintering-grounds-in-mexico.jpg,1300,975
monarch,1103,658,37244739-monarch-butterflies-from-canada-and-us-in-their-wintering-grounds-in-mexico.jpg,1300,975
monarch,1294,175,37244739-monarch-butterflies-from-canada-and-us-in-their-wintering-grounds-in-mexico.jpg,1300,975
monarch,1236,175,37244739-monarch-butterflies-from-canada-and-us-in-their-wintering-grounds-in-mexico.jpg,1300,975
monarch,1212,243,37244739-monarch-butterflies-from-canada-and-us-in-their-wintering-grounds-in-mexico.jpg,1300,975
monarch,1288,252,37244739-monarch-butterflies-from-canada-and-us-in-their-wintering-grounds-in-mexico.jpg,1300,975
monarch,1226,297,37244739-monarch-butterflies-from-canada-and-us-in-their-wintering-grounds-in-mexico.jpg,1300,975
monarch,1264,359,37244739-monarch-butterflies-from-canada-and-us-in-their-wintering-grounds-in-mexico.jpg,1300,975
monarch,1261,458,37244739-monarch-butterflies-from-canada-and-us-in-their-wintering-grounds-in-mexico.jpg,1300,975
monarch,1276,508,37244739-monarch-butterflies-from-canada-and-us-in-their-wintering-grounds-in-mexico.jpg,1300,975
monarch,1257,569,37244739-monarch-butterflies-from-canada-and-us-in-their-wintering-grounds-in-mexico.jpg,1300,975
monarch,1249,675,37244739-monarch-butterflies-from-canada-and-us-in-their-wintering-grounds-in-mexico.jpg,1300,975
monarch,1271,697,37244739-monarch-butterflies-from-canada-and-us-in-their-wintering-grounds-in-mexico.jpg,1300,975
monarch,1271,775,37244739-monarch-butterflies-from-canada-and-us-in-their-wintering-grounds-in-mexico.jpg,1300,975
monarch,1228,739,37244739-monarch-butterflies-from-canada-and-us-in-their-wintering-grounds-in-mexico.jpg,1300,975
monarch,1165,775,37244739-monarch-butterflies-from-canada-and-us-in-their-wintering-grounds-in-mexico.jpg,1300,975
monarch,1183,697,37244739-monarch-butterflies-from-canada-and-us-in-their-wintering-grounds-in-mexico.jpg,1300,975
monarch,1181,605,37244739-monarch-butterflies-from-canada-and-us-in-their-wintering-grounds-in-mexico.jpg,1300,975
monarch,329,375,37244739-monarch-butterflies-from-canada-and-us-in-their-wintering-grounds-in-mexico.jpg,1300,975
monarch,233,141,09_07_motyl1.jpg,1500,1000
monarch,52,13,09_07_motyl1.jpg,1500,1000
monarch,259,193,09_07_motyl1.jpg,1500,1000
monarch,309,251,09_07_motyl1.jpg,1500,1000
monarch,481,187,09_07_motyl1.jpg,1500,1000
monarch,457,283,09_07_motyl1.jpg,1500,1000
monarch,255,474,09_07_motyl1.jpg,1500,1000
monarch,387,574,09_07_motyl1.jpg,1500,1000
monarch,393,464,09_07_motyl1.jpg,1500,1000
monarch,387,322,09_07_motyl1.jpg,1500,1000
monarch,547,322,09_07_motyl1.jpg,1500,1000
monarch,515,530,09_07_motyl1.jpg,1500,1000
monarch,479,476,09_07_motyl1.jpg,1500,1000
monarch,712,313,09_07_motyl1.jpg,1500,1000
monarch,636,350,09_07_motyl1.jpg,1500,1000
monarch,656,582,09_07_motyl1.jpg,1500,1000
monarch,664,470,09_07_motyl1.jpg,1500,1000
monarch,694,650,09_07_motyl1.jpg,1500,1000
monarch,734,552,09_07_motyl1.jpg,1500,1000
monarch,762,498,09_07_motyl1.jpg,1500,1000
monarch,844,444,09_07_motyl1.jpg,1500,1000
monarch,1127,468,09_07_motyl1.jpg,1500,1000
monarch,1398,775,09_07_motyl1.jpg,1500,1000
monarch,1314,578,09_07_motyl1.jpg,1500,1000
monarch,1069,568,09_07_motyl1.jpg,1500,1000
monarch,1199,572,09_07_motyl1.jpg,1500,1000
monarch,963,678,09_07_motyl1.jpg,1500,1000
monarch,1015,590,09_07_motyl1.jpg,1500,1000
monarch,981,496,09_07_motyl1.jpg,1500,1000
monarch,495,632,09_07_motyl1.jpg,1500,1000
monarch,1025,291,6ec5f0bc1c1d9a782f101e6b052d9c72.jpg,1080,1329
monarch,909,480,6ec5f0bc1c1d9a782f101e6b052d9c72.jpg,1080,1329
monarch,1013,454,6ec5f0bc1c1d9a782f101e6b052d9c72.jpg,1080,1329
monarch,881,395,6ec5f0bc1c1d9a782f101e6b052d9c72.jpg,1080,1329
monarch,840,322,6ec5f0bc1c1d9a782f101e6b052d9c72.jpg,1080,1329
monarch,734,312,6ec5f0bc1c1d9a782f101e6b052d9c72.jpg,1080,1329
monarch,855,206,6ec5f0bc1c1d9a782f101e6b052d9c72.jpg,1080,1329
monarch,762,147,6ec5f0bc1c1d9a782f101e6b052d9c72.jpg,1080,1329
monarch,805,87,6ec5f0bc1c1d9a782f101e6b052d9c72.jpg,1080,1329
monarch,956,80,6ec5f0bc1c1d9a782f101e6b052d9c72.jpg,1080,1329
monarch,523,735,6ec5f0bc1c1d9a782f101e6b052d9c72.jpg,1080,1329
monarch,646,795,6ec5f0bc1c1d9a782f101e6b052d9c72.jpg,1080,1329
monarch,592,877,6ec5f0bc1c1d9a782f101e6b052d9c72.jpg,1080,1329
monarch,493,839,6ec5f0bc1c1d9a782f101e6b052d9c72.jpg,1080,1329
monarch,566,979,6ec5f0bc1c1d9a782f101e6b052d9c72.jpg,1080,1329
monarch,627,1133,6ec5f0bc1c1d9a782f101e6b052d9c72.jpg,1080,1329
monarch,786,1204,6ec5f0bc1c1d9a782f101e6b052d9c72.jpg,1080,1329
monarch,715,1211,6ec5f0bc1c1d9a782f101e6b052d9c72.jpg,1080,1329
monarch,616,1215,6ec5f0bc1c1d9a782f101e6b052d9c72.jpg,1080,1329
monarch,542,1303,6ec5f0bc1c1d9a782f101e6b052d9c72.jpg,1080,1329
monarch,696,1305,6ec5f0bc1c1d9a782f101e6b052d9c72.jpg,1080,1329
monarch,899,1244,6ec5f0bc1c1d9a782f101e6b052d9c72.jpg,1080,1329
monarch,996,1305,6ec5f0bc1c1d9a782f101e6b052d9c72.jpg,1080,1329
monarch,1008,1069,6ec5f0bc1c1d9a782f101e6b052d9c72.jpg,1080,1329
monarch,1013,832,6ec5f0bc1c1d9a782f101e6b052d9c72.jpg,1080,1329
monarch,970,634,6ec5f0bc1c1d9a782f101e6b052d9c72.jpg,1080,1329
monarch,873,612,6ec5f0bc1c1d9a782f101e6b052d9c72.jpg,1080,1329
monarch,606,409,6ec5f0bc1c1d9a782f101e6b052d9c72.jpg,1080,1329
monarch,549,350,6ec5f0bc1c1d9a782f101e6b052d9c72.jpg,1080,1329
monarch,495,362,6ec5f0bc1c1d9a782f101e6b052d9c72.jpg,1080,1329
monarch,514,208,6ec5f0bc1c1d9a782f101e6b052d9c72.jpg,1080,1329
monarch,606,123,6ec5f0bc1c1d9a782f101e6b052d9c72.jpg,1080,1329
monarch,450,80,6ec5f0bc1c1d9a782f101e6b052d9c72.jpg,1080,1329
monarch,311,215,6ec5f0bc1c1d9a782f101e6b052d9c72.jpg,1080,1329
monarch,389,274,6ec5f0bc1c1d9a782f101e6b052d9c72.jpg,1080,1329
monarch,244,114,6ec5f0bc1c1d9a782f101e6b052d9c72.jpg,1080,1329
monarch,244,26,6ec5f0bc1c1d9a782f101e6b052d9c72.jpg,1080,1329
monarch,178,258,6ec5f0bc1c1d9a782f101e6b052d9c72.jpg,1080,1329
monarch,36,319,6ec5f0bc1c1d9a782f101e6b052d9c72.jpg,1080,1329
monarch,185,428,6ec5f0bc1c1d9a782f101e6b052d9c72.jpg,1080,1329
monarch,41,482,6ec5f0bc1c1d9a782f101e6b052d9c72.jpg,1080,1329
monarch,41,579,6ec5f0bc1c1d9a782f101e6b052d9c72.jpg,1080,1329
monarch,129,643,6ec5f0bc1c1d9a782f101e6b052d9c72.jpg,1080,1329
monarch,188,771,6ec5f0bc1c1d9a782f101e6b052d9c72.jpg,1080,1329
monarch,296,849,6ec5f0bc1c1d9a782f101e6b052d9c72.jpg,1080,1329
monarch,62,925,6ec5f0bc1c1d9a782f101e6b052d9c72.jpg,1080,1329
monarch,192,981,6ec5f0bc1c1d9a782f101e6b052d9c72.jpg,1080,1329
monarch,150,1171,6ec5f0bc1c1d9a782f101e6b052d9c72.jpg,1080,1329
monarch,370,1100,6ec5f0bc1c1d9a782f101e6b052d9c72.jpg,1080,1329
monarch,337,1010,6ec5f0bc1c1d9a782f101e6b052d9c72.jpg,1080,1329
monarch,209,1312,6ec5f0bc1c1d9a782f101e6b052d9c72.jpg,1080,1329
monarch,202,1263,6ec5f0bc1c1d9a782f101e6b052d9c72.jpg,1080,1329
monarch,372,1258,6ec5f0bc1c1d9a782f101e6b052d9c72.jpg,1080,1329
monarch,516,1182,6ec5f0bc1c1d9a782f101e6b052d9c72.jpg,1080,1329
monarch,878,835,6ec5f0bc1c1d9a782f101e6b052d9c72.jpg,1080,1329
monarch,798,707,6ec5f0bc1c1d9a782f101e6b052d9c72.jpg,1080,1329
monarch,717,575,6ec5f0bc1c1d9a782f101e6b052d9c72.jpg,1080,1329
monarch,590,575,6ec5f0bc1c1d9a782f101e6b052d9c72.jpg,1080,1329
monarch,568,492,6ec5f0bc1c1d9a782f101e6b052d9c72.jpg,1080,1329
monarch,424,556,6ec5f0bc1c1d9a782f101e6b052d9c72.jpg,1080,1329
monarch,495,452,6ec5f0bc1c1d9a782f101e6b052d9c72.jpg,1080,1329
monarch,755,1057,6ec5f0bc1c1d9a782f101e6b052d9c72.jpg,1080,1329
monarch,798,941,6ec5f0bc1c1d9a782f101e6b052d9c72.jpg,1080,1329
monarch,892,998,6ec5f0bc1c1d9a782f101e6b052d9c72.jpg,1080,1329
monarch,443,934,6ec5f0bc1c1d9a782f101e6b052d9c72.jpg,1080,1329
monarch,273,683,6ec5f0bc1c1d9a782f101e6b052d9c72.jpg,1080,1329
monarch,273,511,6ec5f0bc1c1d9a782f101e6b052d9c72.jpg,1080,1329
monarch,292,400,6ec5f0bc1c1d9a782f101e6b052d9c72.jpg,1080,1329
monarch,365,426,6ec5f0bc1c1d9a782f101e6b052d9c72.jpg,1080,1329
monarch,580,1078,6ec5f0bc1c1d9a782f101e6b052d9c72.jpg,1080,1329
monarch,1053,1312,6ec5f0bc1c1d9a782f101e6b052d9c72.jpg,1080,1329
monarch,346,624,6ec5f0bc1c1d9a782f101e6b052d9c72.jpg,1080,1329
monarch,703,95,6ec5f0bc1c1d9a782f101e6b052d9c72.jpg,1080,1329
monarch,1034,173,6ec5f0bc1c1d9a782f101e6b052d9c72.jpg,1080,1329
monarch,966,147,6ec5f0bc1c1d9a782f101e6b052d9c72.jpg,1080,1329
monarch,798,454,6ec5f0bc1c1d9a782f101e6b052d9c72.jpg,1080,1329
monarch,374,142,6ec5f0bc1c1d9a782f101e6b052d9c72.jpg,1080,1329
monarch,17,1206,6ec5f0bc1c1d9a782f101e6b052d9c72.jpg,1080,1329
monarch,784,1310,6ec5f0bc1c1d9a782f101e6b052d9c72.jpg,1080,1329
monarch,616,322,6ec5f0bc1c1d9a782f101e6b052d9c72.jpg,1080,1329